{"$schema":"http://schema.management.azure.com/schemas/2015-01-01/deploymentTemplate.json#","contentVersion":"1.0.0.0","parameters":{"Sample Warehouse":{"type":"string"}},"variables":{},"resources":[{"name":"TransformedPipeline_MetadataDriven","type":"pipelines","apiVersion":"2018-06-01","properties":{"activities":[{"name":"Create Empty Tables","type":"SqlServerStoredProcedure","dependsOn":[{"activity":"Set SQL String Var","dependencyConditions":["Succeeded"]},{"activity":"Set Warehouse ID Var","dependencyConditions":["Succeeded"]},{"activity":"Set Lakehouse ID Var","dependencyConditions":["Succeeded"]}],"policy":{"timeout":"0.12:00:00","retry":0,"retryIntervalInSeconds":30,"secureOutput":false,"secureInput":false},"typeProperties":{"storedProcedureName":"sp_create_table_schemas"},"linkedService":{"name":"969ef60e_7625_4a59_8b89_ee57ba7b8a14","properties":{"annotations":[],"type":"DataWarehouse","typeProperties":{"endpoint":"@variables('sqlstring')","artifactId":"@variables('warhouseid')","workspaceId":"@pipeline().DataFactory"}}}},{"name":"ForEach_rld","type":"ForEach","dependsOn":[{"activity":"Create Empty Tables","dependencyConditions":["Succeeded"]}],"typeProperties":{"items":{"value":"@pipeline().parameters.cw_items_rld","type":"Expression"},"activities":[{"name":"Copy_rld","type":"Copy","dependsOn":[],"policy":{"timeout":"0.12:00:00","retry":0,"retryIntervalInSeconds":30,"secureOutput":false,"secureInput":false},"typeProperties":{"source":{"type":"LakehouseTableSource","datasetSettings":{"annotations":[],"linkedService":{"name":"156b11a3_00ea_425a_ba67_f435186dcd6c","properties":{"annotations":[],"type":"Lakehouse","typeProperties":{"workspaceId":"@pipeline().DataFactory","artifactId":"@variables('lakehouseid')","rootFolder":"Tables","servicePrincipalCredential":{"type":"SecureString","value":"**********"}}}},"type":"LakehouseTable","schema":[],"typeProperties":{"schema":"","table":"@item().source.table"}}},"sink":{"type":"DataWarehouseSink","allowCopyCommand":true,"copyCommandSettings":{},"datasetSettings":{"annotations":[],"linkedService":{"name":"c2d6dec7_c3f8_406c_b760_a9d8d1a9bc7f","properties":{"annotations":[],"type":"DataWarehouse","typeProperties":{"endpoint":"@variables('sqlstring')","artifactId":"@variables('warhouseid')","workspaceId":"@pipeline().DataFactory"}}},"type":"DataWarehouseTable","schema":[],"typeProperties":{"schema":"dbo","table":"@item().destination.table"}}},"enableStaging":true,"translator":{"value":"@item().copyActivity.translator","type":"Expression"}}}]}},{"name":"EnvironmentVariableLookup","type":"Lookup","dependsOn":[],"policy":{"timeout":"0.12:00:00","retry":0,"retryIntervalInSeconds":30,"secureOutput":false,"secureInput":false},"typeProperties":{"source":{"type":"DataWarehouseSource","queryTimeout":"02:00:00","partitionOption":"None"},"firstRowOnly":false,"datasetSettings":{"annotations":[],"linkedService":{"name":"Sample Warehouse","properties":{"annotations":[],"type":"DataWarehouse","typeProperties":{"endpoint":"xmmvay4sinuunjkuoep2jc3v2m-i3ootxqpjc3evhiix65tyxbfuu.datawarehouse.fabric.microsoft.com","artifactId":"[parameters('Sample Warehouse')]","workspaceId":"dee9dc46-480f-4ab6-9d08-bfbb3c5c25a5"}}},"type":"DataWarehouseTable","schema":[],"typeProperties":{"schema":"dbo","table":"environmentvariables"}}}},{"name":"Filter SQL String","type":"Filter","dependsOn":[{"activity":"EnvironmentVariableLookup","dependencyConditions":["Succeeded"]}],"typeProperties":{"items":{"value":"@activity('EnvironmentVariableLookup').output.value","type":"Expression"},"condition":{"value":"@and(equals(item().workspaceid,pipeline().DataFactory), equals(item().Variable,'sqlstring'))","type":"Expression"}}},{"name":"Set SQL String Var","type":"SetVariable","dependsOn":[{"activity":"Filter SQL String","dependencyConditions":["Succeeded"]}],"policy":{"secureOutput":false,"secureInput":false},"typeProperties":{"variableName":"sqlstring","value":"@activity('Filter SQL String').output.value[0].Value"}},{"name":"Filter Warehouse ID","type":"Filter","dependsOn":[{"activity":"EnvironmentVariableLookup","dependencyConditions":["Succeeded"]}],"typeProperties":{"items":{"value":"@activity('EnvironmentVariableLookup').output.value","type":"Expression"},"condition":{"value":"@and(equals(item().workspaceid,pipeline().DataFactory), equals(item().Variable,'warehouseid'))","type":"Expression"}}},{"name":"Set Warehouse ID Var","type":"SetVariable","dependsOn":[{"activity":"Filter Warehouse ID","dependencyConditions":["Succeeded"]}],"policy":{"secureOutput":false,"secureInput":false},"typeProperties":{"variableName":"warhouseid","value":"@activity('Filter Warehouse ID').output.value[0].Value"}},{"name":"Filter Lakehouse ID","type":"Filter","dependsOn":[{"activity":"EnvironmentVariableLookup","dependencyConditions":["Succeeded"]}],"typeProperties":{"items":{"value":"@activity('EnvironmentVariableLookup').output.value","type":"Expression"},"condition":{"value":"@and(equals(item().workspaceid,pipeline().DataFactory), equals(item().Variable,'lakehouseid'))","type":"Expression"}}},{"name":"Set Lakehouse ID Var","type":"SetVariable","dependsOn":[{"activity":"Filter Lakehouse ID","dependencyConditions":["Succeeded"]}],"policy":{"secureOutput":false,"secureInput":false},"typeProperties":{"variableName":"lakehouseid","value":"@activity('Filter Lakehouse ID').output.value[0].Value"}}],"parameters":{"cw_items_rld":{"type":"Array","defaultValue":[{"source":{"table":"diabetes"},"destination":{"table":"diabetes"},"copyActivity":{"translator":{"type":"TabularTranslator","mappings":[{"source":{"name":"AGE","type":"Int64","physicalType":"long"},"sink":{"name":"AGE","physicalType":"bigint"}},{"source":{"name":"SEX","type":"Int64","physicalType":"long"},"sink":{"name":"SEX","physicalType":"bigint"}},{"source":{"name":"BMI","type":"Double","physicalType":"double"},"sink":{"name":"BMI","physicalType":"float"}},{"source":{"name":"BP","type":"Double","physicalType":"double"},"sink":{"name":"BP","physicalType":"float"}},{"source":{"name":"S1","type":"Int64","physicalType":"long"},"sink":{"name":"S1","physicalType":"bigint"}},{"source":{"name":"S2","type":"Double","physicalType":"double"},"sink":{"name":"S2","physicalType":"float"}},{"source":{"name":"S3","type":"Double","physicalType":"double"},"sink":{"name":"S3","physicalType":"float"}},{"source":{"name":"S4","type":"Double","physicalType":"double"},"sink":{"name":"S4","physicalType":"float"}},{"source":{"name":"S5","type":"Double","physicalType":"double"},"sink":{"name":"S5","physicalType":"float"}},{"source":{"name":"S6","type":"Int64","physicalType":"long"},"sink":{"name":"S6","physicalType":"bigint"}},{"source":{"name":"Y","type":"Int64","physicalType":"long"},"sink":{"name":"Y","physicalType":"bigint"}}]}}},{"source":{"table":"fact_sale"},"destination":{"table":"fact_sale"},"copyActivity":{"translator":{"type":"TabularTranslator","mappings":[{"source":{"name":"SaleKey","type":"Int64","physicalType":"long"},"sink":{"name":"SaleKey","physicalType":"bigint"}},{"source":{"name":"CityKey","type":"Int32","physicalType":"integer"},"sink":{"name":"CityKey","physicalType":"int"}},{"source":{"name":"CustomerKey","type":"Int32","physicalType":"integer"},"sink":{"name":"CustomerKey","physicalType":"int"}},{"source":{"name":"BillToCustomerKey","type":"Int32","physicalType":"integer"},"sink":{"name":"BillToCustomerKey","physicalType":"int"}},{"source":{"name":"StockItemKey","type":"Int32","physicalType":"integer"},"sink":{"name":"StockItemKey","physicalType":"int"}},{"source":{"name":"InvoiceDateKey","type":"DateTime","physicalType":"timestamp"},"sink":{"name":"InvoiceDateKey","physicalType":"datetime2","precision":6}},{"source":{"name":"DeliveryDateKey","type":"DateTime","physicalType":"timestamp"},"sink":{"name":"DeliveryDateKey","physicalType":"datetime2","precision":6}},{"source":{"name":"SalespersonKey","type":"Int32","physicalType":"integer"},"sink":{"name":"SalespersonKey","physicalType":"int"}},{"source":{"name":"WWIInvoiceID","type":"Int32","physicalType":"integer"},"sink":{"name":"WWIInvoiceID","physicalType":"int"}},{"source":{"name":"Description","type":"String","physicalType":"string"},"sink":{"name":"Description","physicalType":"varchar","length":"8000"}},{"source":{"name":"Package","type":"String","physicalType":"string"},"sink":{"name":"Package","physicalType":"varchar","length":"8000"}},{"source":{"name":"Quantity","type":"Int32","physicalType":"integer"},"sink":{"name":"Quantity","physicalType":"int"}},{"source":{"name":"UnitPrice","type":"Decimal","physicalType":"decimal"},"sink":{"name":"UnitPrice","physicalType":"decimal","scale":2,"precision":18}},{"source":{"name":"TaxRate","type":"Decimal","physicalType":"decimal"},"sink":{"name":"TaxRate","physicalType":"decimal","scale":3,"precision":18}},{"source":{"name":"TotalExcludingTax","type":"Decimal","physicalType":"decimal"},"sink":{"name":"TotalExcludingTax","physicalType":"decimal","scale":2,"precision":18}},{"source":{"name":"TaxAmount","type":"Decimal","physicalType":"decimal"},"sink":{"name":"TaxAmount","physicalType":"decimal","scale":2,"precision":18}},{"source":{"name":"Profit","type":"Decimal","physicalType":"decimal"},"sink":{"name":"Profit","physicalType":"decimal","scale":2,"precision":18}},{"source":{"name":"TotalIncludingTax","type":"Decimal","physicalType":"decimal"},"sink":{"name":"TotalIncludingTax","physicalType":"decimal","scale":2,"precision":18}},{"source":{"name":"TotalDryItems","type":"Int32","physicalType":"integer"},"sink":{"name":"TotalDryItems","physicalType":"int"}},{"source":{"name":"TotalChillerItems","type":"Int32","physicalType":"integer"},"sink":{"name":"TotalChillerItems","physicalType":"int"}},{"source":{"name":"LineageKey","type":"Int32","physicalType":"integer"},"sink":{"name":"LineageKey","physicalType":"int"}}]}}},{"source":{"table":"nyctlc"},"destination":{"table":"nyctlc"},"copyActivity":{"translator":{"type":"TabularTranslator","mappings":[{"source":{"name":"vendorID","type":"Int32","physicalType":"integer"},"sink":{"name":"vendorID","physicalType":"int"}},{"source":{"name":"lpepPickupDatetime","type":"DateTime","physicalType":"timestamp"},"sink":{"name":"lpepPickupDatetime","physicalType":"datetime2","precision":6}},{"source":{"name":"lpepDropoffDatetime","type":"DateTime","physicalType":"timestamp"},"sink":{"name":"lpepDropoffDatetime","physicalType":"datetime2","precision":6}},{"source":{"name":"passengerCount","type":"Int32","physicalType":"integer"},"sink":{"name":"passengerCount","physicalType":"int"}},{"source":{"name":"tripDistance","type":"Double","physicalType":"double"},"sink":{"name":"tripDistance","physicalType":"float"}},{"source":{"name":"puLocationId","type":"String","physicalType":"string"},"sink":{"name":"puLocationId","physicalType":"varchar","length":"8000"}},{"source":{"name":"doLocationId","type":"String","physicalType":"string"},"sink":{"name":"doLocationId","physicalType":"varchar","length":"8000"}},{"source":{"name":"pickupLongitude","type":"Double","physicalType":"double"},"sink":{"name":"pickupLongitude","physicalType":"float"}},{"source":{"name":"pickupLatitude","type":"Double","physicalType":"double"},"sink":{"name":"pickupLatitude","physicalType":"float"}},{"source":{"name":"dropoffLongitude","type":"Double","physicalType":"double"},"sink":{"name":"dropoffLongitude","physicalType":"float"}},{"source":{"name":"dropoffLatitude","type":"Double","physicalType":"double"},"sink":{"name":"dropoffLatitude","physicalType":"float"}},{"source":{"name":"rateCodeID","type":"Int32","physicalType":"integer"},"sink":{"name":"rateCodeID","physicalType":"int"}},{"source":{"name":"storeAndFwdFlag","type":"String","physicalType":"string"},"sink":{"name":"storeAndFwdFlag","physicalType":"varchar","length":"8000"}},{"source":{"name":"paymentType","type":"Int32","physicalType":"integer"},"sink":{"name":"paymentType","physicalType":"int"}},{"source":{"name":"fareAmount","type":"Double","physicalType":"double"},"sink":{"name":"fareAmount","physicalType":"float"}},{"source":{"name":"extra","type":"Double","physicalType":"double"},"sink":{"name":"extra","physicalType":"float"}},{"source":{"name":"mtaTax","type":"Double","physicalType":"double"},"sink":{"name":"mtaTax","physicalType":"float"}},{"source":{"name":"improvementSurcharge","type":"String","physicalType":"string"},"sink":{"name":"improvementSurcharge","physicalType":"varchar","length":"8000"}},{"source":{"name":"tipAmount","type":"Double","physicalType":"double"},"sink":{"name":"tipAmount","physicalType":"float"}},{"source":{"name":"tollsAmount","type":"Double","physicalType":"double"},"sink":{"name":"tollsAmount","physicalType":"float"}},{"source":{"name":"ehailFee","type":"Double","physicalType":"double"},"sink":{"name":"ehailFee","physicalType":"float"}},{"source":{"name":"totalAmount","type":"Double","physicalType":"double"},"sink":{"name":"totalAmount","physicalType":"float"}},{"source":{"name":"tripType","type":"Int32","physicalType":"integer"},"sink":{"name":"tripType","physicalType":"int"}}]}}}]}},"variables":{"sqlstring":{"type":"String"},"warhouseid":{"type":"String"},"lakehouseid":{"type":"String"}},"lastModifiedByObjectId":"50e78271-4809-4552-a648-429a987bfbc7","lastPublishTime":"2025-03-14T17:00:36Z"},"dependsOn":[]}]}