{"$schema":"http://schema.management.azure.com/schemas/2015-01-01/deploymentTemplate.json#","contentVersion":"1.0.0.0","parameters":{"DemoWarehouse":{"type":"string"}},"variables":{},"resources":[{"name":"pipelinesample","type":"pipelines","apiVersion":"2018-06-01","properties":{"activities":[{"name":"Copy_sx0","type":"Copy","dependsOn":[],"policy":{"timeout":"0.12:00:00","retry":0,"retryIntervalInSeconds":30,"secureOutput":false,"secureInput":false},"typeProperties":{"source":{"type":"ParquetSource","storeSettings":{"type":"AzureBlobStorageReadSettings","recursive":true,"wildcardFolderPath":"WideWorldImportersDW/parquet/full/dimension_customer","wildcardFileName":"*.parquet"},"formatSettings":{"type":"ParquetReadSettings"},"datasetSettings":{"annotations":[],"linkedService":{"name":"dimension_customer","properties":{"type":"AzureBlobStorage","typeProperties":{"containerUri":"https://fabrictutorialdata.blob.core.windows.net/sampledata","authenticationType":"Anonymous"}}},"type":"Parquet","typeProperties":{"location":{"type":"AzureBlobStorageLocation","container":"sampledata"},"compressionCodec":"snappy"},"schema":[]}},"sink":{"type":"DataWarehouseSink","allowCopyCommand":true,"copyCommandSettings":{},"tableOption":"autoCreate","datasetSettings":{"annotations":[],"linkedService":{"name":"DemoWarehouse","properties":{"annotations":[],"type":"DataWarehouse","typeProperties":{"endpoint":"l7fgtbpgk7zezlr4mpmd7rrt5e-owoy5ngqtyxeporkboczrnfpj4.datawarehouse.fabric.microsoft.com","artifactId":"[parameters('DemoWarehouse')]","workspaceId":"b48e9d75-9ed0-472e-ba2a-0b8598b4af4f"}}},"type":"DataWarehouseTable","schema":[],"typeProperties":{"schema":"dbo","table":"dimension_customer"}}},"enableStaging":true,"translator":{"type":"TabularTranslator","mappings":[{"source":{"name":"CustomerKey","type":"Int32","physicalType":"INT32"},"sink":{"name":"CustomerKey","physicalType":"int"}},{"source":{"name":"WWICustomerID","type":"Int32","physicalType":"INT32"},"sink":{"name":"WWICustomerID","physicalType":"int"}},{"source":{"name":"Customer","type":"String","physicalType":"STRING"},"sink":{"name":"Customer","physicalType":"varchar","length":"8000"}},{"source":{"name":"BillToCustomer","type":"String","physicalType":"STRING"},"sink":{"name":"BillToCustomer","physicalType":"varchar","length":"8000"}},{"source":{"name":"Category","type":"String","physicalType":"STRING"},"sink":{"name":"Category","physicalType":"varchar","length":"8000"}},{"source":{"name":"BuyingGroup","type":"String","physicalType":"STRING"},"sink":{"name":"BuyingGroup","physicalType":"varchar","length":"8000"}},{"source":{"name":"PrimaryContact","type":"String","physicalType":"STRING"},"sink":{"name":"PrimaryContact","physicalType":"varchar","length":"8000"}},{"source":{"name":"PostalCode","type":"String","physicalType":"STRING"},"sink":{"name":"PostalCode","physicalType":"varchar","length":"8000"}},{"source":{"name":"ValidFrom","type":"DateTime","physicalType":"INT96"},"sink":{"name":"ValidFrom","physicalType":"datetime2","precision":6}},{"source":{"name":"ValidTo","type":"DateTime","physicalType":"INT96"},"sink":{"name":"ValidTo","physicalType":"datetime2","precision":6}},{"source":{"name":"LineageKey","type":"Int32","physicalType":"INT32"},"sink":{"name":"LineageKey","physicalType":"int"}}]}}}],"lastModifiedByObjectId":"9795a566-3d98-4488-9d75-b17f152d21ec","lastPublishTime":"2025-03-14T12:21:12Z"},"dependsOn":[]}]}