{"$schema":"http://schema.management.azure.com/schemas/2015-01-01/deploymentTemplate.json#","contentVersion":"1.0.0.0","parameters":{"SampleLakehouse":{"type":"string"}},"variables":{},"resources":[{"name":"sourcepipeline","type":"pipelines","apiVersion":"2018-06-01","properties":{"activities":[{"name":"Taxi Sample","type":"Copy","dependsOn":[],"policy":{"timeout":"0.12:00:00","retry":0,"retryIntervalInSeconds":30,"secureOutput":false,"secureInput":false},"typeProperties":{"source":{"type":"ParquetSource","storeSettings":{"type":"AzureBlobStorageReadSettings","recursive":false,"wildcardFolderPath":"green/puYear=*/puMonth=*","wildcardFileName":"*.parquet","enablePartitionDiscovery":false},"formatSettings":{"type":"ParquetReadSettings"},"datasetSettings":{"annotations":[],"linkedService":{"name":"nyc_taxi_green","properties":{"type":"AzureBlobStorage","typeProperties":{"authenticationType":"Anonymous","containerUri":"https://azureopendatastorage.blob.core.windows.net/nyctlc"}}},"type":"Parquet","typeProperties":{"location":{"type":"AzureBlobStorageLocation","container":"nyctlc"},"compressionCodec":"snappy"},"schema":[]}},"sink":{"type":"LakehouseTableSink","tableActionOption":"Append","partitionOption":"None","datasetSettings":{"annotations":[],"linkedService":{"name":"SampleLakehouse","properties":{"annotations":[],"type":"Lakehouse","typeProperties":{"workspaceId":"f70d0275-695b-4058-8d47-27bf687b0008","artifactId":"[parameters('SampleLakehouse')]","rootFolder":"Tables"}}},"type":"LakehouseTable","schema":[],"typeProperties":{"table":"nyctlc"}}},"enableStaging":false,"translator":{"type":"TabularTranslator","mappings":[{"source":{"name":"vendorID","type":"Int32","physicalType":"INT32"},"sink":{"name":"vendorID","physicalType":"integer"}},{"source":{"name":"lpepPickupDatetime","type":"DateTime","physicalType":"INT96"},"sink":{"name":"lpepPickupDatetime","physicalType":"timestamp"}},{"source":{"name":"lpepDropoffDatetime","type":"DateTime","physicalType":"INT96"},"sink":{"name":"lpepDropoffDatetime","physicalType":"timestamp"}},{"source":{"name":"passengerCount","type":"Int32","physicalType":"INT32"},"sink":{"name":"passengerCount","physicalType":"integer"}},{"source":{"name":"tripDistance","type":"Double","physicalType":"DOUBLE"},"sink":{"name":"tripDistance","physicalType":"double"}},{"source":{"name":"puLocationId","type":"String","physicalType":"STRING"},"sink":{"name":"puLocationId","physicalType":"string"}},{"source":{"name":"doLocationId","type":"String","physicalType":"STRING"},"sink":{"name":"doLocationId","physicalType":"string"}},{"source":{"name":"pickupLongitude","type":"Double","physicalType":"DOUBLE"},"sink":{"name":"pickupLongitude","physicalType":"double"}},{"source":{"name":"pickupLatitude","type":"Double","physicalType":"DOUBLE"},"sink":{"name":"pickupLatitude","physicalType":"double"}},{"source":{"name":"dropoffLongitude","type":"Double","physicalType":"DOUBLE"},"sink":{"name":"dropoffLongitude","physicalType":"double"}},{"source":{"name":"dropoffLatitude","type":"Double","physicalType":"DOUBLE"},"sink":{"name":"dropoffLatitude","physicalType":"double"}},{"source":{"name":"rateCodeID","type":"Int32","physicalType":"INT32"},"sink":{"name":"rateCodeID","physicalType":"integer"}},{"source":{"name":"storeAndFwdFlag","type":"String","physicalType":"STRING"},"sink":{"name":"storeAndFwdFlag","physicalType":"string"}},{"source":{"name":"paymentType","type":"Int32","physicalType":"INT32"},"sink":{"name":"paymentType","physicalType":"integer"}},{"source":{"name":"fareAmount","type":"Double","physicalType":"DOUBLE"},"sink":{"name":"fareAmount","physicalType":"double"}},{"source":{"name":"extra","type":"Double","physicalType":"DOUBLE"},"sink":{"name":"extra","physicalType":"double"}},{"source":{"name":"mtaTax","type":"Double","physicalType":"DOUBLE"},"sink":{"name":"mtaTax","physicalType":"double"}},{"source":{"name":"improvementSurcharge","type":"String","physicalType":"STRING"},"sink":{"name":"improvementSurcharge","physicalType":"string"}},{"source":{"name":"tipAmount","type":"Double","physicalType":"DOUBLE"},"sink":{"name":"tipAmount","physicalType":"double"}},{"source":{"name":"tollsAmount","type":"Double","physicalType":"DOUBLE"},"sink":{"name":"tollsAmount","physicalType":"double"}},{"source":{"name":"ehailFee","type":"Double","physicalType":"DOUBLE"},"sink":{"name":"ehailFee","physicalType":"double"}},{"source":{"name":"totalAmount","type":"Double","physicalType":"DOUBLE"},"sink":{"name":"totalAmount","physicalType":"double"}},{"source":{"name":"tripType","type":"Int32","physicalType":"INT32"},"sink":{"name":"tripType","physicalType":"integer"}}],"typeConversion":true,"typeConversionSettings":{"allowDataTruncation":true,"treatBooleanAsNumber":false}}}},{"name":"Sales Sample","type":"Copy","dependsOn":[],"policy":{"timeout":"0.12:00:00","retry":0,"retryIntervalInSeconds":30,"secureOutput":false,"secureInput":false},"typeProperties":{"source":{"type":"ParquetSource","storeSettings":{"type":"AzureBlobStorageReadSettings","recursive":true,"wildcardFolderPath":"WideWorldImportersDW/parquet/full/fact_sale","wildcardFileName":"*.parquet"},"formatSettings":{"type":"ParquetReadSettings"},"datasetSettings":{"annotations":[],"linkedService":{"name":"fact_sale","properties":{"type":"AzureBlobStorage","typeProperties":{"authenticationType":"Anonymous","containerUri":"https://fabrictutorialdata.blob.core.windows.net/sampledata"}}},"type":"Parquet","typeProperties":{"location":{"type":"AzureBlobStorageLocation","container":"sampledata"},"compressionCodec":"snappy"},"schema":[]}},"sink":{"type":"LakehouseTableSink","tableActionOption":"Append","partitionOption":"None","datasetSettings":{"annotations":[],"linkedService":{"name":"SampleLakehouse","properties":{"annotations":[],"type":"Lakehouse","typeProperties":{"workspaceId":"f70d0275-695b-4058-8d47-27bf687b0008","artifactId":"[parameters('SampleLakehouse')]","rootFolder":"Tables"}}},"type":"LakehouseTable","schema":[],"typeProperties":{"table":"fact_sale"}}},"enableStaging":false,"translator":{"type":"TabularTranslator","mappings":[{"source":{"name":"SaleKey","type":"Int64","physicalType":"INT64"},"sink":{"name":"SaleKey","physicalType":"long"}},{"source":{"name":"CityKey","type":"Int32","physicalType":"INT32"},"sink":{"name":"CityKey","physicalType":"integer"}},{"source":{"name":"CustomerKey","type":"Int32","physicalType":"INT32"},"sink":{"name":"CustomerKey","physicalType":"integer"}},{"source":{"name":"BillToCustomerKey","type":"Int32","physicalType":"INT32"},"sink":{"name":"BillToCustomerKey","physicalType":"integer"}},{"source":{"name":"StockItemKey","type":"Int32","physicalType":"INT32"},"sink":{"name":"StockItemKey","physicalType":"integer"}},{"source":{"name":"InvoiceDateKey","type":"DateTime","physicalType":"INT96"},"sink":{"name":"InvoiceDateKey","physicalType":"timestamp"}},{"source":{"name":"DeliveryDateKey","type":"DateTime","physicalType":"INT96"},"sink":{"name":"DeliveryDateKey","physicalType":"timestamp"}},{"source":{"name":"SalespersonKey","type":"Int32","physicalType":"INT32"},"sink":{"name":"SalespersonKey","physicalType":"integer"}},{"source":{"name":"WWIInvoiceID","type":"Int32","physicalType":"INT32"},"sink":{"name":"WWIInvoiceID","physicalType":"integer"}},{"source":{"name":"Description","type":"String","physicalType":"STRING"},"sink":{"name":"Description","physicalType":"string"}},{"source":{"name":"Package","type":"String","physicalType":"STRING"},"sink":{"name":"Package","physicalType":"string"}},{"source":{"name":"Quantity","type":"Int32","physicalType":"INT32"},"sink":{"name":"Quantity","physicalType":"integer"}},{"source":{"name":"UnitPrice","type":"Decimal","physicalType":"DECIMAL","scale":2,"precision":18},"sink":{"name":"UnitPrice","physicalType":"decimal","scale":2,"precision":18}},{"source":{"name":"TaxRate","type":"Decimal","physicalType":"DECIMAL","scale":3,"precision":18},"sink":{"name":"TaxRate","physicalType":"decimal","scale":3,"precision":18}},{"source":{"name":"TotalExcludingTax","type":"Decimal","physicalType":"DECIMAL","scale":2,"precision":18},"sink":{"name":"TotalExcludingTax","physicalType":"decimal","scale":2,"precision":18}},{"source":{"name":"TaxAmount","type":"Decimal","physicalType":"DECIMAL","scale":2,"precision":18},"sink":{"name":"TaxAmount","physicalType":"decimal","scale":2,"precision":18}},{"source":{"name":"Profit","type":"Decimal","physicalType":"DECIMAL","scale":2,"precision":18},"sink":{"name":"Profit","physicalType":"decimal","scale":2,"precision":18}},{"source":{"name":"TotalIncludingTax","type":"Decimal","physicalType":"DECIMAL","scale":2,"precision":18},"sink":{"name":"TotalIncludingTax","physicalType":"decimal","scale":2,"precision":18}},{"source":{"name":"TotalDryItems","type":"Int32","physicalType":"INT32"},"sink":{"name":"TotalDryItems","physicalType":"integer"}},{"source":{"name":"TotalChillerItems","type":"Int32","physicalType":"INT32"},"sink":{"name":"TotalChillerItems","physicalType":"integer"}},{"source":{"name":"LineageKey","type":"Int32","physicalType":"INT32"},"sink":{"name":"LineageKey","physicalType":"integer"}}],"typeConversion":true,"typeConversionSettings":{"allowDataTruncation":true,"treatBooleanAsNumber":false}}}},{"name":"Diabetes Sample","type":"Copy","dependsOn":[],"policy":{"timeout":"0.12:00:00","retry":0,"retryIntervalInSeconds":30,"secureOutput":false,"secureInput":false},"typeProperties":{"source":{"type":"ParquetSource","storeSettings":{"type":"AzureBlobStorageReadSettings","recursive":false,"wildcardFileName":"*.parquet"},"formatSettings":{"type":"ParquetReadSettings"},"datasetSettings":{"annotations":[],"linkedService":{"name":"diabetes","properties":{"type":"AzureBlobStorage","typeProperties":{"authenticationType":"Anonymous","containerUri":"https://azureopendatastorage.blob.core.windows.net/mlsamples"}}},"type":"Parquet","typeProperties":{"location":{"type":"AzureBlobStorageLocation","folderPath":"diabetes","container":"mlsamples"},"compressionCodec":"snappy"},"schema":[]}},"sink":{"type":"LakehouseTableSink","tableActionOption":"Append","partitionOption":"None","datasetSettings":{"annotations":[],"linkedService":{"name":"SampleLakehouse","properties":{"annotations":[],"type":"Lakehouse","typeProperties":{"workspaceId":"f70d0275-695b-4058-8d47-27bf687b0008","artifactId":"[parameters('SampleLakehouse')]","rootFolder":"Tables"}}},"type":"LakehouseTable","schema":[],"typeProperties":{"table":"diabetes"}}},"enableStaging":false,"translator":{"type":"TabularTranslator","mappings":[{"source":{"name":"AGE","type":"Int64","physicalType":"INT64"},"sink":{"name":"AGE","physicalType":"long"}},{"source":{"name":"SEX","type":"Int64","physicalType":"INT64"},"sink":{"name":"SEX","physicalType":"long"}},{"source":{"name":"BMI","type":"Double","physicalType":"DOUBLE"},"sink":{"name":"BMI","physicalType":"double"}},{"source":{"name":"BP","type":"Double","physicalType":"DOUBLE"},"sink":{"name":"BP","physicalType":"double"}},{"source":{"name":"S1","type":"Int64","physicalType":"INT64"},"sink":{"name":"S1","physicalType":"long"}},{"source":{"name":"S2","type":"Double","physicalType":"DOUBLE"},"sink":{"name":"S2","physicalType":"double"}},{"source":{"name":"S3","type":"Double","physicalType":"DOUBLE"},"sink":{"name":"S3","physicalType":"double"}},{"source":{"name":"S4","type":"Double","physicalType":"DOUBLE"},"sink":{"name":"S4","physicalType":"double"}},{"source":{"name":"S5","type":"Double","physicalType":"DOUBLE"},"sink":{"name":"S5","physicalType":"double"}},{"source":{"name":"S6","type":"Int64","physicalType":"INT64"},"sink":{"name":"S6","physicalType":"long"}},{"source":{"name":"Y","type":"Int64","physicalType":"INT64"},"sink":{"name":"Y","physicalType":"long"}}],"typeConversion":true,"typeConversionSettings":{"allowDataTruncation":true,"treatBooleanAsNumber":false}}}}],"lastModifiedByObjectId":"50e78271-4809-4552-a648-429a987bfbc7","lastPublishTime":"2025-03-14T20:38:38Z"},"dependsOn":[]}]}