{"$schema":"http://schema.management.azure.com/schemas/2015-01-01/deploymentTemplate.json#","contentVersion":"1.0.0.0","parameters":{"Sample Warehouse":{"type":"string"}},"variables":{},"resources":[{"name":"sourcepipeline","type":"pipelines","apiVersion":"2018-06-01","properties":{"activities":[{"name":"Taxi Sample","type":"Copy","dependsOn":[],"policy":{"timeout":"0.12:00:00","retry":0,"retryIntervalInSeconds":30,"secureOutput":false,"secureInput":false},"typeProperties":{"source":{"type":"ParquetSource","storeSettings":{"type":"AzureBlobStorageReadSettings","recursive":false,"wildcardFolderPath":"green/puYear=*/puMonth=*","wildcardFileName":"*.parquet","enablePartitionDiscovery":false},"formatSettings":{"type":"ParquetReadSettings"},"datasetSettings":{"annotations":[],"linkedService":{"name":"nyc_taxi_green","properties":{"type":"AzureBlobStorage","typeProperties":{"containerUri":"https://azureopendatastorage.blob.core.windows.net/nyctlc","authenticationType":"Anonymous"}}},"type":"Parquet","typeProperties":{"location":{"type":"AzureBlobStorageLocation","container":"nyctlc"},"compressionCodec":"snappy"},"schema":[]}},"sink":{"type":"DataWarehouseSink","allowCopyCommand":true,"copyCommandSettings":{},"tableOption":"autoCreate","datasetSettings":{"annotations":[],"linkedService":{"name":"Sample Warehouse","properties":{"annotations":[],"type":"DataWarehouse","typeProperties":{"endpoint":"xmmvay4sinuunjkuoep2jc3v2m-i3ootxqpjc3evhiix65tyxbfuu.datawarehouse.fabric.microsoft.com","artifactId":"[parameters('Sample Warehouse')]","workspaceId":"dee9dc46-480f-4ab6-9d08-bfbb3c5c25a5"}}},"type":"DataWarehouseTable","schema":[],"typeProperties":{"schema":"dbo","table":"nyctlc"}}},"enableStaging":true,"translator":{"type":"TabularTranslator","mappings":[{"source":{"name":"vendorID","type":"Int32","physicalType":"INT32"},"sink":{"name":"vendorID","physicalType":"int"}},{"source":{"name":"lpepPickupDatetime","type":"DateTime","physicalType":"INT96"},"sink":{"name":"lpepPickupDatetime","physicalType":"datetime2","precision":6}},{"source":{"name":"lpepDropoffDatetime","type":"DateTime","physicalType":"INT96"},"sink":{"name":"lpepDropoffDatetime","physicalType":"datetime2","precision":6}},{"source":{"name":"passengerCount","type":"Int32","physicalType":"INT32"},"sink":{"name":"passengerCount","physicalType":"int"}},{"source":{"name":"tripDistance","type":"Double","physicalType":"DOUBLE"},"sink":{"name":"tripDistance","physicalType":"float"}},{"source":{"name":"puLocationId","type":"String","physicalType":"STRING"},"sink":{"name":"puLocationId","physicalType":"varchar","length":"8000"}},{"source":{"name":"doLocationId","type":"String","physicalType":"STRING"},"sink":{"name":"doLocationId","physicalType":"varchar","length":"8000"}},{"source":{"name":"pickupLongitude","type":"Double","physicalType":"DOUBLE"},"sink":{"name":"pickupLongitude","physicalType":"float"}},{"source":{"name":"pickupLatitude","type":"Double","physicalType":"DOUBLE"},"sink":{"name":"pickupLatitude","physicalType":"float"}},{"source":{"name":"dropoffLongitude","type":"Double","physicalType":"DOUBLE"},"sink":{"name":"dropoffLongitude","physicalType":"float"}},{"source":{"name":"dropoffLatitude","type":"Double","physicalType":"DOUBLE"},"sink":{"name":"dropoffLatitude","physicalType":"float"}},{"source":{"name":"rateCodeID","type":"Int32","physicalType":"INT32"},"sink":{"name":"rateCodeID","physicalType":"int"}},{"source":{"name":"storeAndFwdFlag","type":"String","physicalType":"STRING"},"sink":{"name":"storeAndFwdFlag","physicalType":"varchar","length":"8000"}},{"source":{"name":"paymentType","type":"Int32","physicalType":"INT32"},"sink":{"name":"paymentType","physicalType":"int"}},{"source":{"name":"fareAmount","type":"Double","physicalType":"DOUBLE"},"sink":{"name":"fareAmount","physicalType":"float"}},{"source":{"name":"extra","type":"Double","physicalType":"DOUBLE"},"sink":{"name":"extra","physicalType":"float"}},{"source":{"name":"mtaTax","type":"Double","physicalType":"DOUBLE"},"sink":{"name":"mtaTax","physicalType":"float"}},{"source":{"name":"improvementSurcharge","type":"String","physicalType":"STRING"},"sink":{"name":"improvementSurcharge","physicalType":"varchar","length":"8000"}},{"source":{"name":"tipAmount","type":"Double","physicalType":"DOUBLE"},"sink":{"name":"tipAmount","physicalType":"float"}},{"source":{"name":"tollsAmount","type":"Double","physicalType":"DOUBLE"},"sink":{"name":"tollsAmount","physicalType":"float"}},{"source":{"name":"ehailFee","type":"Double","physicalType":"DOUBLE"},"sink":{"name":"ehailFee","physicalType":"float"}},{"source":{"name":"totalAmount","type":"Double","physicalType":"DOUBLE"},"sink":{"name":"totalAmount","physicalType":"float"}},{"source":{"name":"tripType","type":"Int32","physicalType":"INT32"},"sink":{"name":"tripType","physicalType":"int"}}]}}},{"name":"Sales Sample","type":"Copy","dependsOn":[],"policy":{"timeout":"0.12:00:00","retry":0,"retryIntervalInSeconds":30,"secureOutput":false,"secureInput":false},"typeProperties":{"source":{"type":"ParquetSource","storeSettings":{"type":"AzureBlobStorageReadSettings","recursive":true,"wildcardFolderPath":"WideWorldImportersDW/parquet/full/fact_sale","wildcardFileName":"*.parquet"},"formatSettings":{"type":"ParquetReadSettings"},"datasetSettings":{"annotations":[],"linkedService":{"name":"fact_sale","properties":{"type":"AzureBlobStorage","typeProperties":{"containerUri":"https://fabrictutorialdata.blob.core.windows.net/sampledata","authenticationType":"Anonymous"}}},"type":"Parquet","typeProperties":{"location":{"type":"AzureBlobStorageLocation","container":"sampledata"},"compressionCodec":"snappy"},"schema":[]}},"sink":{"type":"DataWarehouseSink","allowCopyCommand":true,"copyCommandSettings":{},"tableOption":"autoCreate","datasetSettings":{"annotations":[],"linkedService":{"name":"Sample Warehouse","properties":{"annotations":[],"type":"DataWarehouse","typeProperties":{"endpoint":"xmmvay4sinuunjkuoep2jc3v2m-i3ootxqpjc3evhiix65tyxbfuu.datawarehouse.fabric.microsoft.com","artifactId":"[parameters('Sample Warehouse')]","workspaceId":"dee9dc46-480f-4ab6-9d08-bfbb3c5c25a5"}}},"type":"DataWarehouseTable","schema":[],"typeProperties":{"schema":"dbo","table":"fact_sale"}}},"enableStaging":true,"translator":{"type":"TabularTranslator","mappings":[{"source":{"name":"SaleKey","type":"Int64","physicalType":"INT64"},"sink":{"name":"SaleKey","physicalType":"bigint"}},{"source":{"name":"CityKey","type":"Int32","physicalType":"INT32"},"sink":{"name":"CityKey","physicalType":"int"}},{"source":{"name":"CustomerKey","type":"Int32","physicalType":"INT32"},"sink":{"name":"CustomerKey","physicalType":"int"}},{"source":{"name":"BillToCustomerKey","type":"Int32","physicalType":"INT32"},"sink":{"name":"BillToCustomerKey","physicalType":"int"}},{"source":{"name":"StockItemKey","type":"Int32","physicalType":"INT32"},"sink":{"name":"StockItemKey","physicalType":"int"}},{"source":{"name":"InvoiceDateKey","type":"DateTime","physicalType":"INT96"},"sink":{"name":"InvoiceDateKey","physicalType":"datetime2","precision":6}},{"source":{"name":"DeliveryDateKey","type":"DateTime","physicalType":"INT96"},"sink":{"name":"DeliveryDateKey","physicalType":"datetime2","precision":6}},{"source":{"name":"SalespersonKey","type":"Int32","physicalType":"INT32"},"sink":{"name":"SalespersonKey","physicalType":"int"}},{"source":{"name":"WWIInvoiceID","type":"Int32","physicalType":"INT32"},"sink":{"name":"WWIInvoiceID","physicalType":"int"}},{"source":{"name":"Description","type":"String","physicalType":"STRING"},"sink":{"name":"Description","physicalType":"varchar","length":"8000"}},{"source":{"name":"Package","type":"String","physicalType":"STRING"},"sink":{"name":"Package","physicalType":"varchar","length":"8000"}},{"source":{"name":"Quantity","type":"Int32","physicalType":"INT32"},"sink":{"name":"Quantity","physicalType":"int"}},{"source":{"name":"UnitPrice","type":"Decimal","physicalType":"DECIMAL"},"sink":{"name":"UnitPrice","physicalType":"decimal","scale":2,"precision":18}},{"source":{"name":"TaxRate","type":"Decimal","physicalType":"DECIMAL"},"sink":{"name":"TaxRate","physicalType":"decimal","scale":3,"precision":18}},{"source":{"name":"TotalExcludingTax","type":"Decimal","physicalType":"DECIMAL"},"sink":{"name":"TotalExcludingTax","physicalType":"decimal","scale":2,"precision":18}},{"source":{"name":"TaxAmount","type":"Decimal","physicalType":"DECIMAL"},"sink":{"name":"TaxAmount","physicalType":"decimal","scale":2,"precision":18}},{"source":{"name":"Profit","type":"Decimal","physicalType":"DECIMAL"},"sink":{"name":"Profit","physicalType":"decimal","scale":2,"precision":18}},{"source":{"name":"TotalIncludingTax","type":"Decimal","physicalType":"DECIMAL"},"sink":{"name":"TotalIncludingTax","physicalType":"decimal","scale":2,"precision":18}},{"source":{"name":"TotalDryItems","type":"Int32","physicalType":"INT32"},"sink":{"name":"TotalDryItems","physicalType":"int"}},{"source":{"name":"TotalChillerItems","type":"Int32","physicalType":"INT32"},"sink":{"name":"TotalChillerItems","physicalType":"int"}},{"source":{"name":"LineageKey","type":"Int32","physicalType":"INT32"},"sink":{"name":"LineageKey","physicalType":"int"}}]}}},{"name":"Diabetes Sample","type":"Copy","dependsOn":[],"policy":{"timeout":"0.12:00:00","retry":0,"retryIntervalInSeconds":30,"secureOutput":false,"secureInput":false},"typeProperties":{"source":{"type":"ParquetSource","storeSettings":{"type":"AzureBlobStorageReadSettings","recursive":false,"wildcardFileName":"*.parquet"},"formatSettings":{"type":"ParquetReadSettings"},"datasetSettings":{"annotations":[],"linkedService":{"name":"diabetes","properties":{"type":"AzureBlobStorage","typeProperties":{"containerUri":"https://azureopendatastorage.blob.core.windows.net/mlsamples","authenticationType":"Anonymous"}}},"type":"Parquet","typeProperties":{"location":{"type":"AzureBlobStorageLocation","folderPath":"diabetes","container":"mlsamples"},"compressionCodec":"snappy"},"schema":[]}},"sink":{"type":"DataWarehouseSink","allowCopyCommand":true,"copyCommandSettings":{},"tableOption":"autoCreate","datasetSettings":{"annotations":[],"linkedService":{"name":"Sample Warehouse","properties":{"annotations":[],"type":"DataWarehouse","typeProperties":{"endpoint":"xmmvay4sinuunjkuoep2jc3v2m-i3ootxqpjc3evhiix65tyxbfuu.datawarehouse.fabric.microsoft.com","artifactId":"[parameters('Sample Warehouse')]","workspaceId":"dee9dc46-480f-4ab6-9d08-bfbb3c5c25a5"}}},"type":"DataWarehouseTable","schema":[],"typeProperties":{"schema":"dbo","table":"diabetes"}}},"enableStaging":true,"translator":{"type":"TabularTranslator","mappings":[{"source":{"name":"AGE","type":"Int64","physicalType":"INT64"},"sink":{"name":"AGE","physicalType":"bigint"}},{"source":{"name":"SEX","type":"Int64","physicalType":"INT64"},"sink":{"name":"SEX","physicalType":"bigint"}},{"source":{"name":"BMI","type":"Double","physicalType":"DOUBLE"},"sink":{"name":"BMI","physicalType":"float"}},{"source":{"name":"BP","type":"Double","physicalType":"DOUBLE"},"sink":{"name":"BP","physicalType":"float"}},{"source":{"name":"S1","type":"Int64","physicalType":"INT64"},"sink":{"name":"S1","physicalType":"bigint"}},{"source":{"name":"S2","type":"Double","physicalType":"DOUBLE"},"sink":{"name":"S2","physicalType":"float"}},{"source":{"name":"S3","type":"Double","physicalType":"DOUBLE"},"sink":{"name":"S3","physicalType":"float"}},{"source":{"name":"S4","type":"Double","physicalType":"DOUBLE"},"sink":{"name":"S4","physicalType":"float"}},{"source":{"name":"S5","type":"Double","physicalType":"DOUBLE"},"sink":{"name":"S5","physicalType":"float"}},{"source":{"name":"S6","type":"Int64","physicalType":"INT64"},"sink":{"name":"S6","physicalType":"bigint"}},{"source":{"name":"Y","type":"Int64","physicalType":"INT64"},"sink":{"name":"Y","physicalType":"bigint"}}]}}}],"lastModifiedByObjectId":"50e78271-4809-4552-a648-429a987bfbc7","lastPublishTime":"2025-03-12T18:42:13Z"},"dependsOn":[]}]}