{"$schema":"http://schema.management.azure.com/schemas/2015-01-01/deploymentTemplate.json#","contentVersion":"1.0.0.0","parameters":{},"variables":{},"resources":[{"name":"incrementalRefreshDemo","type":"pipelines","apiVersion":"2018-06-01","properties":{"activities":[{"name":"Set incremental flag","type":"SetVariable","dependsOn":[],"policy":{"secureOutput":false,"secureInput":false},"typeProperties":{"variableName":"IncrementalFlag","value":{"value":"yes","type":"Expression"}}},{"name":"If Condition1","type":"IfCondition","dependsOn":[{"activity":"Set incremental flag","dependencyConditions":["Succeeded"]}],"typeProperties":{"expression":{"value":"@equals(variables('IncrementalFlag'), 'yes')","type":"Expression"},"ifFalseActivities":[{"name":"Custom incremental load","type":"RefreshDataflow","dependsOn":[],"policy":{"timeout":"0.12:00:00","retry":0,"retryIntervalInSeconds":30,"secureOutput":false,"secureInput":false},"typeProperties":{"dataflowId":"7c97c0e7-f7d1-469a-8830-85574eb80f69","workspaceId":"b48e9d75-9ed0-472e-ba2a-0b8598b4af4f","notifyOption":"NoNotification"}}],"ifTrueActivities":[{"name":"Incremental Refresh","type":"RefreshDataflow","dependsOn":[],"policy":{"timeout":"0.12:00:00","retry":0,"retryIntervalInSeconds":30,"secureOutput":false,"secureInput":false},"typeProperties":{"dataflowId":"24d6bb45-0ac9-45cf-bb96-072d8cedb1e4","workspaceId":"b48e9d75-9ed0-472e-ba2a-0b8598b4af4f","notifyOption":"NoNotification"}}]}}],"variables":{"IncrementalFlag":{"type":"String"}},"lastModifiedByObjectId":"9795a566-3d98-4488-9d75-b17f152d21ec","lastPublishTime":"2024-09-25T07:04:19Z"},"dependsOn":[]}]}